ticker,fiscal_year,managerial_inside_own,state_own,institutional_own,foreign_own,shares_outstanding,market_value_equity,dividend_cash_paid,eps_basic,net_sales,total_assets,selling_expenses,general_admin_expenses,intangible_assets_net,manufacturing_overhead,net_operating_income,raw_material_consumption,merchandise_purchase_year,wip_goods_purchase,outside_manufacturing_expenses,production_cost,rnd_expenses,net_income,total_equity,total_liabilities,cash_and_equivalents,long_term_debt,current_assets,current_liabilities,growth_ratio,inventory,net_ppe,net_cfo,net_cfi,capex,product_innovation,process_innovation,employees_count,firm_age
AAA,2020,0.002000,0.000000,0.545100,0.031600,221759974.0,3193343625600.00,108671913000.00,1310.000000,7428557015044.00,8569414400908.00,-255844520030.00,-166965892910.00,79741790556.00,815754562293.00,310923164415.00,2656949074635.00,3170345014303.00,4970734580.00,477616387871.00,3866397674686.00,,283172810679.00,4023962458501.00,4545451942407.00,963717122052.00,772617081041.00,4496050828524.00,3772834861366.00,-0.198300,946809379604.00,2245284822658.00,612538718206.00,34701081384.00,271433582812.00,1.0,1.0,1950,18
AAA,2021,0.000000,0.000000,0.511000,0.022100,326434496.0,6593976819200.00,148545935501.00,994.000000,13143109864001.00,10009526635291.00,-738538104564.00,-194751557339.00,78420099468.00,1873197677803.00,405101528404.00,2668776017829.00,7807900364610.00,6259366872.00,1497882808858.00,4991975871175.00,,324143024419.00,5454381737050.00,4555144898241.00,1988170740182.00,1272805478684.00,5354610509760.00,3282339419557.00,0.769134,997384835429.00,2022419512484.00,443620282772.00,150390199871.00,668611230534.00,1.0,1.0,1750,19
AAA,2022,0.006500,0.000000,0.545000,0.019000,382274496.0,2610934807680.00,152250000.00,433.000000,15290297073087.00,10795832681712.00,-666097260650.00,-247607549844.00,77426239462.00,1793416559222.00,187294170069.00,3069898300282.00,10310519958179.00,5114654886.00,1421633870086.00,5338577537178.00,,117291267937.00,6171185417465.00,4624647264247.00,1642978052440.00,1418164667209.00,5658759199548.00,3206482597038.00,0.163370,1790091357848.00,2000004299809.00,97095210426.00,1093758714092.00,168326440417.00,1.0,1.0,1689,20
AAA,2023,0.000500,0.000000,0.545000,0.019000,382274496.0,3612493987200.00,127343500.00,757.000000,12621514144947.00,11583445505916.00,-511055878824.00,-285281847427.00,149114480438.00,1316943086408.00,368683501946.00,2800707358277.00,6858481138762.00,5588020358.00,928159494119.00,4650156191402.00,,309193823134.00,5963870940230.00,5619574565686.00,2435058282483.00,1882533378229.00,5681580248153.00,3737041187457.00,-0.175400,781680229197.00,1863866579072.00,2615215818513.00,1599360204270.00,643183016027.00,1.0,1.0,1684,21
AAA,2024,0.000000,0.000000,0.511700,0.076300,382274496.0,3333000000000.00,10532850000.00,964.000000,12782230561048.00,13768215584455.00,-716779456478.00,-380383295396.00,143917892653.00,1804206392983.00,513663157658.00,3578290536553.00,6509021373702.00,55899220344.00,1308551757178.00,6036585699296.00,,319781840731.00,6236273953200.00,7531941631255.00,2419517905105.00,3399347312245.00,6426369244563.00,4132594319010.00,0.012600,1286443372106.00,2836544208665.00,958913854214.00,1415216102189.00,1038116320099.00,1.0,1.0,1673,22
ANV,2020,0.512700,0.000000,0.052000,0.021400,127132860.0,2800000000000.00,127132860000.00,1590.000000,3438664359684.00,4834079659323.00,-185263413739.00,-56561834630.00,314302567002.00,595738892752.00,205457805484.00,2650305710103.00,0.00,125305710103.00,418897119807.00,3096528550000.00,,202170290929.00,2333974303420.00,2500105355903.00,43798851185.00,161111162386.00,2783810065611.00,2338994193517.00,-0.230500,1904336768761.00,590793439988.00,550705710103.00,250305710103.00,350305710103.00,1.0,1.0,3439,27
ANV,2021,0.754900,0.000000,0.034600,0.019300,127132860.0,4449650100000.00,126659004000.00,1013.000000,3493926321274.00,4887179840940.00,-280956940056.00,-56474052865.00,30569117842.00,674048233347.00,141672290422.00,2115549431144.00,0.00,151848175753.00,492945242041.00,2474376997280.00,,128739197732.00,2335585626152.00,2551594214788.00,42701081617.00,215078335270.00,2916543313685.00,2336515879518.00,0.007700,1783465697424.00,533401717110.00,225326330347.00,300992515689.00,313344060552.00,1.0,1.0,2181,28
ANV,2022,0.723900,0.000000,0.003400,0.044500,133117163.0,4259749216000.00,127127875000.00,5300.000000,4896647040438.00,5467653137750.00,-378198470565.00,-94215760513.00,28004346104.00,918964030924.00,754586838991.00,2434612302260.00,0.00,272261352090.00,690031024784.00,2870090568.00,,673745234347.00,2882202985499.00,2585450152251.00,31053714794.00,167941117026.00,3255100959692.00,2417509035225.00,0.408100,2342074989779.00,495896129101.00,102574619469.00,27426611834.00,33328675247.00,1.0,1.0,2212,29
ANV,2023,0.785500,0.000000,0.051000,0.043800,133127875.0,4126964125000.00,218556413606.00,293.000000,4439122632880.00,5112670123139.00,-188416893163.00,-75715825411.00,346446128137.00,910764576717.00,46823694335.00,7264602850822.00,0.00,948001566814.00,708708182617.00,8862982426056.00,,39191645110.00,2847866755609.00,2264803367530.00,39671072278.00,161689807769.00,2950604371240.00,2103113559761.00,-0.095800,2363664839934.00,324927270134.00,81705978889.00,416246326371.00,44348474940.00,1.0,1.0,2162,30
ANV,2024,0.668800,0.000000,0.023400,0.073700,133127875.0,3993836250000.00,108135816893.00,179.000000,4911265972913.00,4862270517905.00,-280323845208.00,-85814451161.00,340291311111.00,1145241883238.00,119281689339.00,7778531417938.00,0.00,948001566814.00,936689213006.00,9740248128087.00,,47832173647.00,2796693826269.00,2065576691636.00,219090199195.00,124953903065.00,2585543414472.00,1940622788571.00,0.107000,1683573590902.00,311948526359.00,394205315.00,35791129807.00,210258315036.00,1.0,1.0,2277,31
BFC,2020,0.003100,0.650000,0.718800,0.043200,57167993.0,874670292900.00,94417363600.00,2097.000000,5418392614443.00,3056695013113.00,-309734470623.00,-148482664003.00,232015051990.00,577590664318.00,197857097611.00,4346143683290.00,4664756404610.00,38732406152.00,494113223516.00,5188768681625.00,,165939687155.00,1207250210992.00,1849444802121.00,419558739639.00,114776350049.00,2209650012192.00,1734668452072.00,-0.113500,1184666131961.00,528181039366.00,449679618369.00,14963121874.00,88110271349.00,1.0,1.0,1245,47
BFC,2021,0.003080,0.650000,0.710400,0.038000,57167993.0,2046614149400.00,134407368500.00,3457.000000,7742796484313.00,3854080063879.00,-291714253578.00,-164574775238.00,230849111854.00,612824060221.00,368698784469.00,6694882088267.00,6842098574702.00,87620965761.00,519679202211.00,7650890329568.00,,296756528445.00,1361970799580.00,2492109264299.00,243941623517.00,50966641866.00,3044872410581.00,2441142622433.00,0.427400,2534995187662.00,516723036889.00,259898601908.00,50892473133.00,69483804797.00,1.0,1.0,1234,48
BFC,2022,0.002980,0.650000,0.662900,0.000000,57167993.0,814643899250.00,146282859281.00,2221.000000,8581358101346.00,4299656387184.00,-346236733644.00,-164258019428.00,232804515801.00,628878708900.00,246158629711.00,7483952017810.00,7705892600287.00,92388743175.00,534756810312.00,8399332925837.00,,193463543209.00,1360190830023.00,2939465557161.00,541052131617.00,21700266627.00,3486914435132.00,2917765290534.00,0.104600,2338804515959.00,508548696428.00,123068059963.00,84759113271.00,83595256551.00,1.0,1.0,1240,49
BFC,2023,0.003177,0.650000,0.053100,0.043900,57167993.0,1372031832000.00,147650268631.00,2334.000000,8588309084029.00,3454647947598.00,-423662994344.00,-165628465529.00,206778810700.00,752589629608.00,199270964715.00,6665955667565.00,7673353782476.00,106890019921.00,635588226724.00,7728012693424.00,,134817816000.00,1285757822876.00,2168890124722.00,607044366543.00,9600186993.00,2743330306053.00,2159289937729.00,0.000000,1522444882233.00,433566473960.00,827502886051.00,27409832724.00,13025305707.00,1.0,1.0,1189,50
BFC,2024,0.000585,0.650000,0.693900,0.043900,57167993.0,2126649339600.00,188081874600.00,5620.000000,9358243746877.00,3277320050193.00,-589675906268.00,-211680608955.00,203589480889.00,979420694514.00,531173111567.00,7469937348974.00,7960878778814.00,98969133605.00,333949365671.00,8853471042781.00,,425614471466.00,1517363750737.00,1759956299456.00,626550473599.00,16864881916.00,2608895504667.00,1743091417540.00,0.089900,1466682136434.00,420378238412.00,996325512323.00,76112086826.00,91396535290.00,1.0,1.0,1243,51
CTD,2020,0.022517,0.000000,0.538000,0.462000,79255000.0,5853340922100.00,229107038550.00,4164.000000,14558086434968.00,14157413678883.00,0.00,-655860103467.00,93003802036.00,9108640022410.00,401295900144.00,509121336725.00,0.00,1522030908553.00,8337793572465.00,14256742220331.00,,334374615618.00,8398669476041.00,5758744202842.00,1396764826755.00,5574960764.00,12867742344915.00,5753169242078.00,-0.385300,1492037630688.00,510821338966.00,566844441099.00,1391605027258.00,5073518139.00,1.0,1.0,1659,16
CTD,2021,0.000415,0.000000,0.538000,0.465000,73859473.0,8088000000000.00,73792975850.00,323.000000,9077915407373.00,13924612376531.00,0.00,-516298035944.00,93003802036.00,5710298983628.00,-7282363679.00,4238389410025.00,0.00,1720321023327.00,5103896289775.00,9563509844525.00,,24110828208.00,8247560732814.00,5677051643717.00,884710498842.00,2543770801.00,12751059518674.00,5674507872916.00,-0.377800,1692285468779.00,420946301186.00,421164676324.00,680534565471.00,47079581566.00,1.0,1.0,1761,17
CTD,2022,0.000000,0.000000,0.538000,0.429100,73859473.0,2090223085900.00,0.00,280.000000,14536948503110.00,18967071946667.00,0.00,-734758141359.00,111209465435.00,5406922718856.00,-53535463128.00,8451760312253.00,0.00,2885754263285.00,4525254032643.00,14784972527477.00,,20791833411.00,8213962257245.00,10753109689422.00,1064440156074.00,526524764995.00,17465000719039.00,10226584924427.00,0.601500,2837856762717.00,446789518824.00,1627091448218.00,733457384402.00,194756167542.00,1.0,1.0,2263,18
CTD,2023,0.035200,0.000000,0.232000,0.490000,74414258.0,5120501350400.00,0.00,707.000000,16528214803368.00,21651893357725.00,-40602692.00,-398184674406.00,106580358945.00,1860424936124.00,238251862599.00,1860424936124.00,0.00,3192468868405.00,1607536265720.00,6780604014339.00,,187922316931.00,8407432424176.00,13244460933549.00,2842181486342.00,500282036081.00,19889440906559.00,12745683334882.00,0.137000,2602818535216.00,474509997337.00,931291852825.00,235362229617.00,40258311585.00,1.0,1.0,1985,19
CTD,2024,0.038700,0.000000,0.510000,0.490000,99930014.0,6495450910000.00,0.00,3320.000000,22905777578080.00,27076862120048.00,-1065372003.00,-594485335613.00,101513336151.00,5963810897674.00,374482691498.00,13942132425753.00,0.00,3105441280388.00,5378107653962.00,20913526518338.00,,371404593583.00,8688770305789.00,18388091814259.00,2478609465457.00,54164321707.00,24836699016967.00,18328090877747.00,0.385700,4934880445316.00,453543138387.00,24263641093.00,240188418052.00,550623295257.00,1.0,1.0,2398,20
DHC,2020,0.175400,0.000000,0.424700,0.187400,55995783.0,3443740654500.00,109752566000.00,6999.000000,2887570524189.00,2284329017296.00,-87998170475.00,-23754855757.00,276529675.00,803276867153.00,406818736316.00,1873032645362.00,0.00,347013233.00,521701035962.00,2779474824536.00,,391923587886.00,1394944316463.00,889384700833.00,202090986015.00,5301188000.00,1104660314544.00,744384700833.00,1.019300,314660752705.00,1135232128610.00,474612619895.00,55516587587.00,61429951877.00,1.0,1.0,539,17
DHC,2021,0.282300,0.000000,0.429300,0.395300,69994423.0,5564556628500.00,167987349000.00,6739.000000,4164330534553.00,2401267067536.00,-120440937631.00,-41692957953.00,328044275.00,753396333299.00,508543998282.00,2817570433302.00,0.00,525512695.00,628514166427.00,3722485588109.00,,481340230615.00,1697095726320.00,704171341216.00,98169465231.00,7835611000.00,1170473262002.00,704171341216.00,0.442300,319899570440.00,1051206736310.00,317329241639.00,188840736358.00,155963621110.00,1.0,1.0,532,18
DHC,2022,0.295933,0.000000,0.039330,0.349600,80493048.0,3115080957600.00,314974903500.00,4620.000000,3934726759456.00,2882483173364.00,-119423890402.00,-38049892173.00,227297865.00,862150227129.00,432349018066.00,1828162705552.00,0.00,319326759.00,687587964511.00,2856687906462.00,,379458584417.00,1751355602625.00,1131127570739.00,189178341116.00,10321900000.00,1662756369635.00,1131127570739.00,-0.055000,628715196607.00,1137830233701.00,241238912628.00,165395725733.00,88084006924.00,1.0,1.0,742,19
DHC,2023,0.306134,0.000000,0.034823,0.349600,80493048.0,3094957695560.00,201232620000.00,3766.000000,3258908541602.00,2915097525252.00,-108078537833.00,-37809201984.00,227297865.00,862150227129.00,350550348467.00,1828162705552.00,0.00,319326759.00,687587964511.00,2856687906462.00,,309338388739.00,1851904199676.00,1063193325576.00,247229229877.00,696922421.00,1785334756725.00,1062496403155.00,-0.171400,504234805104.00,1041460816284.00,241238912628.00,165395725733.00,88084006924.00,1.0,1.0,693,20
DHC,2024,0.183942,0.000000,0.255100,0.390600,80493048.0,2656270584000.00,80493048000.00,2947.000000,3596507144729.00,3244657641103.00,-112803009661.00,-39651125697.00,985722115.00,845397624650.00,271089341970.00,2295155259083.00,0.00,394438955.00,665852141285.00,3321755214852.00,,242066652212.00,2003079436113.00,1241578204990.00,570814931920.00,5500000000.00,2186220726161.00,1236078204990.00,0.103100,524454388269.00,993394405723.00,656154165287.00,321710327727.00,70637675722.00,1.0,1.0,714,21
FMC,2020,0.039033,0.028100,0.661200,0.084900,49044000.0,1687113600000.00,122610000000.00,4607.000000,4415217188753.00,1711161558903.00,232696490958.00,57710537637.00,722342079.00,398428824722.00,236136517091.00,3750462293712.00,0.00,0.00,156430909804.00,4029695409596.00,,225962946339.00,1081147139720.00,630014419183.00,268186019385.00,10366252500.00,1221006445482.00,619648166683.00,0.188500,608296710838.00,307817700830.00,42008151805.00,60847273806.00,70923484447.00,1.0,1.0,4058,24
FMC,2021,0.020169,0.025325,0.524318,0.324496,65388889.0,3465611117000.00,98088000000.00,4677.000000,5199104853990.00,2699782947940.00,-197034411564.00,-67321304029.00,870931619.00,468254360101.00,285771705960.00,4523312555384.00,0.00,0.00,235111419239.00,5597275346899.00,,287089388147.00,1976754802851.00,723028145089.00,769592318292.00,9932686500.00,2150121694079.00,713095458589.00,0.173900,940772095796.00,262969430026.00,178371780817.00,232520619191.00,277861807218.00,1.0,1.0,4150,25
FMC,2022,0.020169,0.025325,0.510400,0.324500,65388889.0,2049961660150.00,130777778000.00,4605.000000,5701563661676.00,2988806966543.00,-226193552007.00,-92525769842.00,2436383516.00,546865673793.00,323804738143.00,4542254306415.00,138476970510.00,0.00,92276620949.00,5736283516901.00,,321017891395.00,2116061524214.00,872745442329.00,585329354328.00,10191338750.00,1876998079284.00,862554103579.00,0.096600,929079227608.00,418632650904.00,435208900791.00,515260812713.00,438689485930.00,1.0,1.0,4902,26
FMC,2023,0.007100,0.025325,0.533278,0.312525,65388889.0,3135397227550.00,130777778000.00,4121.000000,5087392999915.00,3356184076994.00,-121784059524.00,-78979856518.00,2322172146.00,503131585030.00,303638634987.00,4053532772447.00,115004196671.00,41625117476.00,186239800557.00,5162519982459.00,,302336331166.00,2234140547837.00,1122043529157.00,451603648884.00,10321924250.00,2127050626036.00,1111721604907.00,-0.108300,999826960186.00,848375105053.00,207180846599.00,505307316494.00,217783092033.00,1.0,1.0,5174,27
FMC,2024,0.017974,0.025300,0.543600,0.310100,65388889.0,3204055561000.00,151126778000.00,4675.000000,6912623489158.00,3774888902983.00,-297000179598.00,-91457807651.00,3691832684.00,737187171157.00,422116807782.00,4910133115165.00,6163063869874.00,0.00,261498296318.00,6433704509274.00,63369993757.00,422616028545.00,2465903411968.00,1308985491015.00,1077460582378.00,11745817250.00,2641239437985.00,1297239673765.00,0.359800,1001947789487.00,768061167034.00,601441800089.00,87717474393.00,114049204668.00,1.0,1.0,5652,28
HAX,2020,0.454600,0.000000,0.055100,0.091700,36610129.0,669965360700.00,54526819500.00,3409.000000,5569551903723.00,1232370219050.00,-114371595998.00,-53417016720.00,12964148628.00,135511326502.00,115634286002.00,174160019053.00,5091463810953.00,0.00,90487737858.00,401360995346.00,,125351823081.00,535301435921.00,697068783129.00,81458070905.00,3677155743.00,919056191206.00,693391627386.00,0.080900,564175014480.00,248545724097.00,422226421267.00,52376777830.00,458123898220.00,1.0,1.0,619,21
HAX,2021,0.372800,0.000000,0.179300,0.151800,49516982.0,1718239275400.00,0.00,3337.000000,5551485307629.00,1277216734272.00,-118699606021.00,-47764854613.00,11957697483.00,93575868794.00,173192676425.00,270890961709.00,5213388559013.00,0.00,64128450521.00,437355422343.00,,159847710227.00,710005672773.00,567211061499.00,87553230700.00,4005146796.00,935778061624.00,563205914703.00,-0.003200,581173439031.00,261629456593.00,335903192024.00,42316990296.00,396720654018.00,1.0,1.0,718,22
HAX,2022,0.361000,0.000000,0.056089,0.160000,56943434.0,768736359000.00,24758491000.00,4204.000000,6775200253095.00,2578650183096.00,-143681567442.00,-64271875379.00,11158694186.00,169982711356.00,259684461546.00,216471078672.00,6787166106118.00,0.00,132794962241.00,517445329673.00,,239732739927.00,968919151610.00,1609731031486.00,160487675358.00,184597954194.00,1585777621675.00,1425133077292.00,0.220400,1064805514070.00,421689365912.00,-664794046566.00,-373202743500.00,705244367300.00,1.0,1.0,914,23
HAX,2023,0.406200,0.000000,0.045600,0.156500,93427565.0,1303314531750.00,35971717000.00,375.000000,3981921710938.00,2006287818697.00,-145056296613.00,-76186451537.00,10920997047.00,200784367107.00,18972950565.00,339164696795.00,3337167875703.00,0.00,139270489260.00,678520045341.00,,37056457843.00,1164003892453.00,842283926244.00,120230008269.00,2851834319.00,1071764691450.00,839432091925.00,-0.412300,696117033963.00,381310311778.00,432966485632.00,770064332.00,401489093210.00,1.0,1.0,962,24
HAX,2024,0.391900,0.000000,0.049400,0.234800,107439681.0,1880194417500.00,31526780500.00,1163.000000,5513287344174.00,2409018565316.00,-208093865946.00,-103737750605.00,10738346004.00,247503657755.00,177990925160.00,266509408845.00,7134906046934.00,0.00,190882051314.00,712824406863.00,,203569675920.00,1490739551138.00,918279014178.00,261814418901.00,541681201.00,1315736137362.00,917737332977.00,0.384600,660820663188.00,449128022956.00,362847942031.00,-159848074755.00,367201945096.00,1.0,1.0,1514,25
IMP,2020,0.030900,0.000000,0.529800,0.489900,66671570.0,3753609391000.00,49387359000.00,2773.000000,1369421714781.00,2096455266870.00,-213142674844.00,-71348172682.00,76563304686.00,377962541669.00,252539901366.00,488914528914.00,897623184916.00,0.00,57890176582.00,1109574353631.00,10268367490.00,209696878289.00,1730486168436.00,365969098434.00,85268705365.00,19037060330.00,981975300723.00,346932038104.00,-0.005100,424237469275.00,503263217067.00,73153422780.00,-136475945213.00,89684662322.00,1.0,1.0,1246,43
IMP,2021,0.000000,0.000000,38.690000,0.445800,66671570.0,5033703535000.00,100007355000.00,2600.000000,1266596707350.00,2294700255306.00,-181292527233.00,-72636907782.00,73581406779.00,295519210631.00,234475310667.00,445355627414.00,846432829227.00,0.00,57516645614.00,962914427315.00,962914427315.00,189094874963.00,1794410063004.00,500290192302.00,271272865376.00,91652000000.00,1176339787490.00,408638192302.00,-0.084200,492074917415.00,509799233736.00,234881036040.00,-83142058686.00,52856687303.00,1.0,1.0,1203,44
IMP,2022,0.000000,0.000000,0.688500,0.491700,66705370.0,4236791995000.00,100007355000.00,2951.000000,1643706514646.00,2276943567575.00,-269015147943.00,-131840010666.00,72978380102.00,31965059112.00,290633028580.00,618833551424.00,946351264430.00,580743385664.00,946351264430.00,946351264430.00,,223540317602.00,1894446892819.00,382496674756.00,178845070328.00,,1103552901572.00,382496674756.00,0.288200,435841476949.00,488685348304.00,378603401448.00,199303865931.00,99353189519.00,,,1505,45
IMP,2023,0.000000,0.000000,0.692400,0.490000,70004649.0,3962262123400.00,112297570037.00,3637.000000,1994036910377.00,2392615157119.00,-309885867749.00,-119602910146.00,74150230376.00,213030212253.00,374406554691.00,776180161927.00,1183501179178.00,47350665599.00,1183501179178.00,1183501179178.00,,299556005542.00,2084578943585.00,308036213534.00,106200569241.00,,1207134868323.00,308036213534.00,0.261000,699445523731.00,935553291815.00,82442281568.00,63629641231.00,383131871781.00,,,1415,46
IMP,2024,0.006300,0.220400,0.220400,0.476900,154008962.0,7276923454500.00,70004649000.00,1932.000000,2205119938413.00,2504776666933.00,-312128895184.00,-128270026259.00,74219177707.00,505137976124.00,403284767405.00,938710391937.00,10746424365.00,9653449632.00,182545935065.00,1789961707166.00,,320862393082.00,2183119168600.00,321657498333.00,161983318837.00,,1409543678165.00,321657498333.00,0.188700,705082185428.00,858811130518.00,216267565018.00,127199192457.00,96770733614.00,1.0,1.0,1452,47
NCT,2020,0.001360,0.650700,0.100100,0.101500,26165732.0,2328750148000.00,300710637964.00,7437.000000,669318885442.00,502356526488.00,-10728047167.00,-70357028474.00,3127193517.00,250626109836.00,256138344550.00,41019760407.00,19449583742.00,0.00,61504367175.00,439244531075.00,,206750183799.00,409259336215.00,93097190273.00,55157678425.00,7889000000.00,323520164141.00,85208190273.00,-0.043100,2580568356.00,101291287550.00,253526094945.00,53771987984.00,8049930000.00,1.0,1.0,786,15
NCT,2021,0.001352,0.650700,0.194400,0.111900,26165732.0,2067092828000.00,169889309525.00,8325.000000,742156297060.00,554003716503.00,-8409519217.00,-66427768069.00,2062933485.00,266375922590.00,281113376630.00,48486917515.00,25298342575.00,0.00,75548856056.00,469789538899.00,,223612260181.00,457350411268.00,96653305235.00,59918930813.00,8829663690.00,387762483724.00,87823641545.00,0.108800,3459398718.00,94491275088.00,219924031832.00,45266196570.00,25229086474.00,1.0,1.0,734,16
NCT,2022,0.001352,0.650700,0.211900,0.124300,26165732.0,1648441116000.00,256424173600.00,8646.000000,735914902070.00,500598612614.00,-10310218548.00,-69289348162.00,7578587492.00,257518098498.00,296697481968.00,49664263135.00,8726476828.00,0.00,58124309457.00,456839463865.00,,237185892552.00,432337119999.00,68261492615.00,41481563120.00,9080000000.00,316848662751.00,59181492615.00,0.000000,3139347825.00,114255187392.00,221737947169.00,16252970524.00,39264323983.00,1.0,1.0,736,17
NCT,2023,0.001352,0.651000,0.213000,0.143000,26165732.0,1648441116000.00,209141924925.00,7877.000000,701788879881.00,554648134916.00,-11878281654.00,-75752704101.00,7866424639.00,264492931736.00,273400981136.00,38954469754.00,6852653713.00,0.00,54405156491.00,450381495584.00,,216796101316.00,433402421970.00,121245712946.00,46799291605.00,11209879500.00,387998111711.00,110035833446.00,-0.046400,2700210019.00,96993596400.00,271340660218.00,56885412549.00,9681113967.00,1.0,1.0,711,18
NCT,2024,0.001349,0.651000,0.213000,0.143000,26165732.0,1308286600000.00,130871284134.00,9175.000000,920644864614.00,740874801677.00,-20943154681.00,-91169766733.00,9535590604.00,353344608524.00,330862222384.00,46305000939.00,6669934988.00,0.00,81218248515.00,618556426706.00,,266441450895.00,558373289838.00,182501511839.00,134153298000.00,14079631054.00,518817831800.00,168421880785.00,0.311900,3161811633.00,91161688134.00,255288990352.00,37706603199.00,18816668000.00,1.0,1.0,775,19
NTP,2020,0.080476,0.371000,0.427600,0.150000,117796183.0,9777083189000.00,373021980500.00,3387.000000,4486110999230.00,3895418861335.00,-582038492316.00,-215748984722.00,76590311767.00,495928848173.00,520926859859.00,2601833690136.00,197432187300.00,38591502720.00,245409632191.00,3425495375473.00,,447189022322.00,2589288536954.00,1306130324381.00,212170457483.00,35457201151.00,1678805704398.00,1270673123230.00,-0.029800,647595962021.00,1584287333984.00,924420970907.00,88170602411.00,118033023743.00,1.0,1.0,1348,60
NTP,2021,0.072320,0.371000,0.427700,0.150000,117796183.0,7067770980000.00,294490457500.00,3596.000000,4823524562218.00,4898198061937.00,-437437678262.00,-137179719745.00,7604875204.00,465893249204.00,557872853928.00,3389098728266.00,93063183857.00,64834699771.00,247875714064.00,4211002973812.00,,467759648912.00,2707977704900.00,2190220357037.00,142541519801.00,16720597523.00,2721738069056.00,2173499759514.00,0.075200,1084976323019.00,1463914085124.00,315070513260.00,754678831507.00,92181677991.00,1.0,1.0,1356,61
NTP,2022,0.139988,0.371047,0.470633,0.150000,117796183.0,4016840000000.00,312159184000.00,3896.000000,5685112416767.00,5063837090084.00,-620367663869.00,-154378233969.00,7319432230.00,566826792399.00,562670126309.00,3859052761623.00,4090476292147.00,61805061409.00,339607998047.00,4294534288942.00,,479539723632.00,2830817344826.00,2233019745258.00,167926602716.00,,3075796747433.00,2233019745258.00,0.167800,1538861573575.00,1410746940838.00,115946645903.00,370381710647.00,107308155481.00,1.0,1.0,1300,62
NTP,2023,0.072300,0.371000,0.518000,0.178000,129575334.0,4016840000000.00,259150668000.00,3891.000000,5175862669587.00,5453699138864.00,-632394350574.00,-190068009046.00,7105350000.00,563831925957.00,655168766148.00,3090116924468.00,221439680708.00,38537472505.00,308901106570.00,4051059311831.00,,559414720517.00,3115499287238.00,2338199851626.00,485324285487.00,,3501190530399.00,2338199851626.00,-0.090600,1158634823678.00,1328548642812.00,1132816558539.00,557343703465.00,87093328723.00,1.0,1.0,1284,63
NTP,2024,0.073900,0.371040,0.554000,0.168000,142532284.0,9122066176000.00,129575334000.00,4661.000000,5656563814495.00,6414871527523.00,-632851000442.00,-227199971559.00,7105350000.00,621415094542.00,885058912782.00,3391369907625.00,240246096848.00,29835442118.00,369568126100.00,4452410852271.00,,735659511537.00,3666374210005.00,2748497317518.00,532864832803.00,,4472882423054.00,2748497317518.00,0.098700,1005160488222.00,1265480916982.00,1984027652987.00,1585963502287.00,76267754519.00,1.0,1.0,1268,64
PAN,2020,0.000000,0.000000,0.000000,0.165000,208894750.0,7354000000000.00,57992069285.00,912.000000,8329251249705.00,11336295461149.00,-653806231149.00,-547081908104.00,1725062490130.00,1182911719450.00,405061781762.00,6465038880221.00,50037241285.00,206677142777.00,484640860577.00,8545892327681.00,,333223499272.00,6173153718321.00,5163141742828.00,2025756787985.00,1523686586853.00,6169053332240.00,3639455155975.00,0.069600,1489638722490.00,3521304521231.00,224123501578.00,447199118568.00,245514209079.00,1.0,1.0,9504,15
PAN,2021,0.000000,0.000000,0.919700,0.080300,208894750.0,8042000000000.00,185467780225.00,1418.000000,9248572465653.00,15023900844042.00,-739628684980.00,-560874577928.00,1680861045096.00,1345801599878.00,556275587027.00,6923601913578.00,252225434626.00,242757892323.00,67484476045.00,9234451693381.00,,510754725421.00,7579653913472.00,7444246930570.00,2841256534056.00,1451501712619.00,10058956068240.00,5992745217951.00,0.107800,2614665582001.00,3402058684883.00,1427197675444.00,806507295638.00,591551980643.00,1.0,1.0,11068,16
PAN,2022,0.014620,0.000000,0.233000,0.125700,208894750.0,3235000000000.00,150283608134.00,1790.000000,13655102989686.00,16081598046958.00,-1216075906042.00,-650246965321.00,1826909426355.00,1635817118296.00,834114733738.00,9126494738997.00,680560316329.00,239185109524.00,747323184850.00,12028835455735.00,,794302277402.00,7878383782075.00,8203214264883.00,1837986935653.00,390578519298.00,10114920098521.00,7812635745585.00,0.489500,3140125865063.00,3827265957386.00,1045473697009.00,1936944758210.00,672270244313.00,1.0,1.0,11812,17
PAN,2023,0.014617,0.000000,0.233000,0.164300,,4016840000000.00,174457267978.00,1943.000000,13204596686662.00,20188140662749.00,-1061117016355.00,-659230459196.00,1749446520820.00,1458035894222.00,952068504119.00,1749446520820.00,675005876057.00,264963201643.00,620084584928.00,11942683978578.00,,817117336270.00,8343448194471.00,11844692468278.00,1402442740869.00,979015697843.00,14280778689366.00,10865676770435.00,-0.026800,3157270821504.00,4122134577175.00,4268840012009.00,168729304902.00,4268840012009.00,1.0,1.0,10445,18
PAN,2024,0.015040,0.000000,0.233000,0.268000,208894750.0,5137000000000.00,320363007900.00,2704.000000,16181632412859.00,23840652907125.00,-1501575485024.00,-718077265453.00,1657893673158.00,2036686539660.00,1354279053368.00,9031659115097.00,707311422410.00,263961721750.00,979842956368.00,13077945152566.00,2000000000.00,1167068107309.00,8859450516042.00,14981202391083.00,2958874263351.00,589287633805.00,18283085243253.00,14391914757278.00,0.221700,3151592134375.00,4101147017980.00,1739184049701.00,890283747049.00,323418909730.00,1.0,1.0,10956,19
PHR,2020,0.002600,0.666200,0.824200,0.141000,135499198.0,,418455039500.00,7711.000000,1631648245568.00,6538924775734.00,-29216581532.00,-84061079043.00,288353837.00,382349087548.00,447277000447.00,607900305370.00,101918990348.00,78319577222.00,128478056247.00,1380052027110.00,,1125049424935.00,3311290986851.00,3227633788883.00,427963672949.00,2090702109641.00,3110756990959.00,1136931679242.00,-0.003200,293974204639.00,1780945615847.00,783671874505.00,751204549874.00,89491752103.00,1.0,1.0,2421,38
PHR,2021,0.002300,0.666200,0.846800,0.147100,135499198.0,,636152698680.00,3375.000000,1945434625353.00,6027084467664.00,-31684629279.00,-115245810730.00,811335756.00,380305826829.00,566934055774.00,825539996939.00,80665630839.00,56377797722.00,101432536866.00,1637762739250.00,,513380267771.00,3109170655823.00,2917913811841.00,139214148410.00,1726193982445.00,2738366419370.00,1191719829396.00,0.193200,336156599858.00,1780223920710.00,254574574877.00,315001162424.00,114924341334.00,1.0,1.0,2146,39
PHR,2022,0.003800,0.666200,0.836600,0.125600,135499198.0,,361630571700.00,6265.000000,1708579398984.00,6333298694846.00,-40831633593.00,-115866472028.00,700541473.00,349815777574.00,433664877447.00,682742618901.00,92351116848.00,56110091105.00,74647160054.00,1428359421176.00,,929728158872.00,3439218733717.00,2894079961129.00,165825300815.00,1599434630528.00,3057893898601.00,1294645330601.00,0.000000,320513757664.00,1796038893046.00,780087934171.00,230939221870.00,126724079628.00,1.0,1.0,2077,40
PHR,2023,0.003850,0.666200,0.860600,0.161800,135499198.0,,714426514616.00,4309.000000,1351024069392.00,6160532490687.00,-33520814510.00,-100144838404.00,589181809.00,345301034921.00,432192058959.00,357445390628.00,40355328267.00,67466329695.00,54618325927.00,1153488416776.00,,661288002217.00,3814237751342.00,2346294739345.00,145835512937.00,1463426377066.00,2761558839599.00,882868362279.00,-0.209200,325592274303.00,1740613476366.00,301974343084.00,341554832533.00,74305024821.00,1.0,1.0,2187,41
PHR,2024,0.003810,0.666200,0.890100,0.181500,135499198.0,,440801899334.00,3115.000000,1633090518901.00,5931927851865.00,-37580028492.00,-132307583091.00,478228088.00,329946331376.00,470207783657.00,629172125352.00,9334176889.00,84763968409.00,56698043216.00,1461482281614.00,,483021699190.00,3919090627983.00,2012837223882.00,190403886202.00,1408429410800.00,2570451321097.00,604407813082.00,0.207800,405802511002.00,1558547770331.00,224423157680.00,521156438136.00,64753783281.00,1.0,1.0,3673,42
PTB,2020,0.316000,0.000000,0.171600,0.172700,46059181.0,,150635987374.00,7709.000000,5601236769697.00,4773757358132.00,-422107833423.00,-196699532812.00,26914873613.00,1338255025327.00,439485403203.00,1851394729240.00,54879515276.00,776733706725.00,912999691009.00,3732015948634.00,,379305449080.00,1990625344656.00,2783132013476.00,167783353561.00,320854362516.00,2738225731635.00,2462277650960.00,0.009600,1440420340899.00,1462753741867.00,829727692742.00,497572550184.00,479978606735.00,1.0,1.0,7408,26
PTB,2021,0.399100,0.000000,0.236400,0.215000,48599441.0,,100291516250.00,11079.000000,6491949040731.00,5430878287077.00,-550495885631.00,-205122950138.00,26009924512.00,1633457267307.00,638120490829.00,2512105168904.00,102740348953.00,475217107094.00,1069252711334.00,4722481302702.00,,525894613782.00,2390733951007.00,3040144336070.00,135866626171.00,375586216947.00,3179837356156.00,2664558119123.00,0.159400,1859252166279.00,1780223920710.00,159534941276.00,363031485421.00,517698904725.00,1.0,1.0,7109,27
PTB,2022,0.407400,0.000000,0.153000,0.133000,68038403.0,,250751053416.00,7165.000000,6886522253734.00,5238297875783.00,-562684372653.00,-232687750849.00,21054613513.00,1320296577617.00,618633085997.00,2928388167451.00,139550748138.00,523522253250.00,815425139342.00,4955083315346.00,,502438563190.00,2761260561125.00,2477037314658.00,272074930811.00,166937203331.00,3055259243612.00,2310100111327.00,0.060700,1761764720250.00,1796038893046.00,762072285192.00,241241348112.00,333230154686.00,1.0,1.0,6918,28
PTB,2023,0.408300,0.000000,0.305800,0.233000,66938403.0,,205493137000.00,4313.000000,5618569890239.00,5263776311415.00,-439292282902.00,-248692530978.00,21125798422.00,1079781630365.00,335870663247.00,1953451790910.00,3498330172.00,613260525491.00,650552104797.00,3711728404127.00,,259467307655.00,2776717951706.00,2487058359709.00,428337603384.00,134630435085.00,2941135680146.00,2352427924624.00,-0.184400,1471566806749.00,1740613476366.00,778465741570.00,412936620700.00,172352962169.00,1.0,1.0,6249,29
PTB,2024,0.403100,0.000000,0.000000,0.250000,66938403.0,,167452515000.00,5508.000000,6466470034276.00,5489132951980.00,-496931572409.00,-264296123366.00,15942915361.00,1233305625186.00,444888141187.00,2724259707275.00,9603564846.00,619380205232.00,755404567956.00,4739971954644.00,,376311422056.00,3032888999676.00,2456243952304.00,470850849148.00,104620313226.00,3313721396506.00,2351623639078.00,0.150900,1454946134665.00,1558547770331.00,436335985366.00,187210550925.00,224807105789.00,1.0,1.0,6315,30
PVT,2020,0.000600,0.510000,0.831400,0.168600,323651246.0,,168756674200.00,1946.000000,7382693923902.00,11089584286462.00,-13866288559.00,-250661978044.00,1499874896.00,3165745060249.00,981866992012.00,1422793081961.00,1133785804611.00,251185162.00,1475753522886.00,5395213198307.00,,830424584517.00,6278890061506.00,4810694224956.00,1472901602636.00,2391397908050.00,4662070740676.00,2419296316906.00,-0.048400,112296418440.00,5860054469445.00,1535553385807.00,326265107694.00,176147368438.00,1.0,1.0,2001,18
PVT,2021,0.000700,0.510000,0.927200,0.141000,323651246.0,,382512410600.00,1933.000000,7460234126265.00,12493219801571.00,-10492585874.00,-277486387570.00,890074555.00,3676853647793.00,998271136783.00,1374234251995.00,680654382331.00,17425762.00,2350791516504.00,5829602088340.00,,834514740028.00,6963197715178.00,5530022086393.00,1283386854560.00,3080102836296.00,4849728123623.00,2449919250097.00,0.010500,141926455000.00,6975627100741.00,828608931335.00,1599473771937.00,1935502711608.00,1.0,1.0,2410,19
PVT,2022,0.001000,0.510000,0.000000,0.000000,323651246.0,,40494919310.00,2500.000000,9047363208116.00,14251652954694.00,-12873930300.00,-407652508769.00,156654953.00,4013082337411.00,1169357260175.00,1614449661484.00,946807731725.00,420225195.00,2410236966943.00,6654746892903.00,,1155847083742.00,8014058773970.00,6237594180724.00,1793749749410.00,3182293041995.00,6286266493364.00,3055301138729.00,0.212700,179274820292.00,7260294568541.00,2171898762566.00,2019795180416.00,1660712011334.00,1.0,1.0,2181,20
PVT,2023,0.000560,0.510000,0.510000,0.000000,323651246.0,,97030132400.00,2829.000000,9555979392223.00,17489953434753.00,-13386162080.00,-410025680845.00,2231348872.00,4664615465226.00,1346182796862.00,1670012154462.00,762742147498.00,98871539.00,2704009855553.00,7378153498116.00,,1221500695571.00,9030394792063.00,8459558642690.00,979225965598.00,5067345055884.00,6297471017134.00,3392213586806.00,0.056200,232665394329.00,10088092507886.00,1699201999736.00,4599714218727.00,4186166428696.00,1.0,1.0,2341,21
PVT,2024,0.000600,0.510000,0.727000,0.119000,356012638.0,,152170634540.00,2879.000000,11732148061983.00,19858153052749.00,-16586106482.00,-488801469185.00,1846287201.00,5477623420687.00,1687942917331.00,1398640772657.00,1792768210873.00,249883596.00,3083684541511.00,8000965945702.00,,1469628360919.00,10389474545148.00,9468678507601.00,1152030770539.00,5754381933987.00,6648001421674.00,3714296573614.00,0.227700,331073290370.00,12062018494455.00,2567966837828.00,3317439638912.00,3965706557109.00,1.0,1.0,2731,22
SBT,2020,0.000000,0.000000,0.000000,0.000000,,,214065647645.00,531.000000,14309200780449.00,19197627435774.00,-533898081605.00,-342079670028.00,226740803653.00,1409273957231.00,744898600609.00,11863729539177.00,13082768709592.00,444169101425.00,142924498445.00,13812898359706.00,,598350458548.00,8054003332218.00,11143624103556.00,979613448048.00,3661030875170.00,11142148693478.00,8740482678398.00,0.260200,2126098286382.00,4129026393860.00,72534419012.00,1185254382332.00,347932042951.00,1.0,1.0,2691,25
SBT,2021,0.000000,0.000000,0.000000,0.000000,,,328922878030.00,932.000000,16658614894002.00,23499947456476.00,-582092973545.00,-703712834129.00,330334295978.00,783120866740.00,1186518143279.00,14866164660228.00,15989326411037.00,468371704167.00,539894863298.00,17169854173850.00,,804173720221.00,9441571803054.00,14058375653422.00,2173837345095.00,2766529188351.00,15019928021130.00,10576657944569.00,0.164200,3005821122777.00,4397345338436.00,94624273591.00,2619102639249.00,142288857489.00,1.0,1.0,2635,26
SBT,2022,0.000000,0.000000,0.000000,0.000000,,,71764375915.00,1.167000,21253536103223.00,29041226104273.00,-643520155614.00,-604859097209.00,876626204967.00,510336527132.00,885046362849.00,21023012472619.00,20989695119921.00,362373534111.00,815695274040.00,23403965099527.00,,812998383621.00,10177177598527.00,18864048505746.00,2509137282635.00,2233770899278.00,18697322495516.00,16227008582331.00,0.000000,4699949629095.00,4349758469834.00,1174693258695.00,431783332936.00,2071976495190.00,1.0,1.0,2452,27
SBT,2023,0.000000,0.000000,0.000000,0.000000,,,77809392085.00,569.620000,25892256822765.00,34134964877703.00,-659009315166.00,-673864043298.00,984569962279.00,536256457726.00,789993332040.00,24752021934179.00,24513207872391.00,375005447830.00,1000958627627.00,27349788508841.00,,618602309071.00,11133434432475.00,23001530445228.00,4587680404674.00,3534531976601.00,24200170293732.00,20031221717450.00,0.000000,3439520469686.00,3997185523802.00,538741326891.00,581123515333.00,261991525437.00,1.0,1.0,2,28
SBT,2024,0.000000,0.000000,0.000000,0.000000,,,77819447965.00,665.650000,29995184822710.00,33959461158828.00,-738779858902.00,-862629238409.00,786433450811.00,1849047600758.00,1008006596925.00,23973062071001.00,24871837758196.00,236393137640.00,1111244517581.00,26920261247995.00,,876674433610.00,10555376315087.00,23404084843741.00,5181364424769.00,6278642086333.00,21392204481154.00,18270357585005.00,0.156900,3233002164328.00,3751280568501.00,62927204371.00,2955393062298.00,640269376052.00,1.0,1.0,2499,29
SGN,2020,0.012100,0.480300,0.894800,0.023900,33533591.0,1984278043062.00,148276767801.00,2628.000000,730826982071.00,1045520451171.00,0.00,-73237754786.00,12310250000.00,289059180539.00,109227193466.00,19912744843.00,0.00,,152504891280.00,636212606751.00,,86109258348.00,885067803871.00,160452647300.00,223318461486.00,11383318517.00,588349804359.00,149069328783.00,-0.539000,5143876819.00,441247384462.00,75755206440.00,45193113178.00,111083956363.00,0.0,1.0,1980,20
SGN,2021,0.012400,0.480300,0.887300,0.024500,33533591.0,2068855429064.00,83833977500.00,1584.000000,488318545497.00,938589049757.00,0.00,-56953291391.00,12310250000.00,229937382018.00,58543830838.00,17175685588.00,0.00,,85591335803.00,438437330106.00,,42232946730.00,820290134691.00,118298915066.00,335746789099.00,12741781186.00,604217673475.00,105557133880.00,-0.331800,5733315271.00,319716484032.00,188124784602.00,8134800374.00,373150000.00,0.0,1.0,1822,21
SGN,2022,0.012600,0.480300,0.887400,0.025000,33533591.0,1894282507828.00,83833977500.00,3971.000000,995163223157.00,1076542733192.00,0.00,-112334616961.00,12310250000.00,354690440771.00,173763438052.00,46783806164.00,0.00,,229874237305.00,836631615252.00,,135865721042.00,861907588281.00,214635144911.00,126945183331.00,17427984598.00,838027266659.00,197207160313.00,1.037900,8270211662.00,219773281485.00,189256721339.00,311470052955.00,11677588407.00,0.0,1.0,1901,22
SGN,2023,0.004050,0.480300,0.854700,0.175600,33533591.0,2441245424800.00,83833977500.00,6377.000000,1455650680216.00,1289193128768.00,0.00,-201431609371.00,12310250000.00,534088356989.00,294202480384.00,57000572491.00,0.00,,356268483748.00,1201744733954.00,,241138310966.00,1012320221967.00,276872906801.00,322312594954.00,18895880323.00,1057520529139.00,257977026478.00,0.462700,10484335395.00,198179497783.00,354099673936.00,74544934640.00,73901370515.00,1.0,1.0,2035,23
SGN,2024,0.003600,0.480300,0.821000,0.249600,33533591.0,2707910630104.00,83833977500.00,7271.000000,1518231489552.00,1489572503003.00,0.00,-169724511022.00,12310250000.00,515939681192.00,368702575629.00,50760787232.00,0.00,,383259846998.00,1191569190916.00,,295962026141.00,1196355780091.00,293216722912.00,432488271127.00,24187624870.00,1246128664363.00,269029098042.00,0.043000,10816280873.00,183403860442.00,446769429136.00,257939323553.00,59986234034.00,1.0,1.0,2029,24
STK,2020,0.365900,0.000000,0.330000,0.091000,68185294.0,1363705880000.00,102209474025.00,2091.000000,1765666338639.00,1703389106213.00,-23679420379.00,-57222933716.00,210979696.00,414874786042.00,164036248395.00,1051554154248.00,1396160507271.00,,233558115107.00,1591297201305.00,,144360663988.00,1082791720408.00,620597385805.00,95106312655.00,52014998809.00,633371718157.00,568582386996.00,-0.208100,400542739062.00,913710763342.00,446192332470.00,41142588699.00,0.00,1.0,1.0,1031,20
STK,2021,0.366600,0.000000,0.120500,0.132300,68185294.0,4003000000000.00,102197517784.00,4084.000000,2042388712623.00,1971139649226.00,-27145444741.00,-71510694737.00,100903332.00,434584290547.00,285178159681.00,1187454840331.00,1733759333501.00,,272537233024.00,1766562050279.00,,278479651838.00,1258993431246.00,712146217980.00,366205978093.00,280104373.00,986230344776.00,711866113607.00,0.156100,471504991659.00,806644500122.00,290141566004.00,30445502413.00,3400740060.00,1.0,1.0,927,21
STK,2022,0.353800,0.000000,0.352200,0.124500,81822175.0,2250000000000.00,102213100650.00,3341.000000,2114531690812.00,2125032943857.00,-19448338303.00,-64115797999.00,0.00,407339339374.00,270705489317.00,1277763972568.00,1735869498276.00,,247909931827.00,1824802101981.00,,242274378237.00,1541090058483.00,583942885374.00,235284187347.00,270998167.00,1199951103248.00,583671887207.00,0.035900,466136524256.00,730566913801.00,211844963939.00,351536953919.00,188651811052.00,1.0,1.0,882,22
STK,2023,0.356000,0.000000,0.397000,0.172200,94095274.0,2442000000000.00,0.00,933.000000,1425063024378.00,2973859144107.00,-19663775726.00,-60439695454.00,0.00,343891243926.00,88982257812.00,855629530014.00,1381632384055.00,,214842272280.00,1313084699567.00,,87799332687.00,1628889391170.00,1344969752937.00,109476256782.00,409394566166.00,1395936217102.00,935575186771.00,-0.326500,615023248456.00,642368814999.00,13687340730.00,812908858305.00,949806432497.00,1.0,1.0,891,23
STK,2024,0.363600,0.000000,0.364000,0.167000,96636924.0,2570540000000.00,0.00,130.000000,1210252569729.00,3811243831937.00,-12473186828.00,-52322172851.00,0.00,286152248165.00,25538746029.00,733217021641.00,1048388361268.00,,164236319565.00,1111821041593.00,,12402343658.00,1707355003808.00,2103888828129.00,105602398852.00,792723292095.00,997061057465.00,1311165536034.00,-0.150900,616099132887.00,560684345537.00,287353412010.00,880832794718.00,935121066461.00,1.0,1.0,998,24
TCM,2020,0.000300,0.000000,0.432600,0.432600,61967899.0,1688776096754.00,29388191425.00,3775.000000,3469716808748.00,2976422649274.00,-143976177586.00,-141947995876.00,183299172911.00,795882251346.00,340168727345.00,1399012682867.00,2963745568990.00,254146793569.00,570224817919.00,3212050785584.00,,276227899280.00,1638734940727.00,1337687708547.00,287922412252.00,80754923663.00,1783900889021.00,1256932784884.00,-0.047900,1006919927775.00,660766252460.00,386658152028.00,33781747022.00,11750845077.00,1.0,1.0,7182,53
TCM,2021,0.163700,0.000000,0.459900,0.461800,71260358.0,2823445728982.00,31320754750.00,1700.000000,3535415705914.00,3606390631343.00,-184396737569.00,-169902306253.00,181428774005.00,886656031718.00,175691627321.00,1675306883116.00,3478725647484.00,456092463786.00,618427124353.00,3592166037971.00,,143658558090.00,1708534694671.00,1897855936672.00,270468956398.00,140437877413.00,2351259832320.00,1757418059259.00,0.019300,1463731770019.00,644912853756.00,89271641618.00,116764654404.00,116913047144.00,1.0,1.0,6981,54
TCM,2022,0.169400,0.000000,0.470300,0.472000,81946677.0,3035832351542.00,372513070.00,2898.000000,4337389009868.00,3477066569867.00,-177757668537.00,-169804388906.00,179420111275.00,826647017932.00,346321914677.00,1939982171452.00,3420462399027.00,321068888731.00,542008992033.00,3878692650113.00,,281069424265.00,1978857408334.00,1498209161533.00,422224811098.00,186323555820.00,2166735823702.00,1311885605713.00,0.227100,1255053417271.00,736556780932.00,251601862069.00,8610541407.00,126944473337.00,1.0,1.0,6402,55
TCM,2023,0.169500,0.000000,0.499600,0.469600,92597264.0,3592773843200.00,57887453150.00,1211.000000,3324824506088.00,3279364384954.00,-146908350442.00,-136935925390.00,180435860311.00,684790692854.00,184549637663.00,1376635413002.00,2596011870755.00,243413539284.00,412253689672.00,2961067852924.00,,133804252735.00,2010136652221.00,1269227732733.00,434896282731.00,95812892584.00,2130754199483.00,1173414840149.00,-0.233300,1027930046160.00,755576926044.00,413952894413.00,62405614698.00,41951368033.00,1.0,1.0,5682,56
TCM,2024,0.100800,0.000000,0.469700,0.469700,101855032.0,4200570000000.00,737065500.00,2548.000000,3810451106702.00,3895534414371.00,-154257848574.00,-149830742745.00,179313437398.00,822303671091.00,339420390829.00,1616897149308.00,3168595820454.00,220321269050.00,597818865878.00,3469395704175.00,,278069130964.00,2271739713368.00,1623794701003.00,563280117447.00,105515372321.00,2690037141466.00,1518279328682.00,0.145100,1002737488623.00,845461517931.00,391611466611.00,351953492923.00,237180366398.00,1.0,1.0,5929,57
TLG,2020,0.061000,0.000000,0.741200,0.262800,77794453.0,3034000000000.00,153373200000.00,2775.000000,2684551950336.00,2314599141762.00,-488676448608.00,-254856941468.00,24643631466.00,443460985914.00,296765441660.00,720762529061.00,1602673669092.00,50494687517.00,174035286445.00,1780995634549.00,,239845036749.00,1748259636290.00,566339505472.00,371680211939.00,66783013387.00,1701751836942.00,499556492085.00,-0.169900,530224405469.00,438944610201.00,368569355530.00,38784907071.00,85086927060.00,1.0,1.0,2968,39
TLG,2021,0.078100,0.000000,0.742000,0.256000,77794453.0,3547000000000.00,194455871500.00,3201.000000,2668275093087.00,2446138550928.00,-504674977559.00,-292392358391.00,20153367784.00,483449220863.00,355266117228.00,816612694806.00,1704002258238.00,60399405581.00,183340488444.00,1934115424126.00,,276707413257.00,1825578447277.00,620560103651.00,503425694773.00,42264464254.00,1867453670532.00,578295639397.00,-0.018800,693114318297.00,425390545912.00,221187587613.00,99339149667.00,58046246969.00,1.0,1.0,2974,40
TLG,2022,0.541100,0.000000,0.550800,0.070700,77794453.0,2785975000000.00,155619167000.00,4643.000000,3520857948925.00,2869036051355.00,-738522525878.00,-319389279653.00,24644596120.00,618589542643.00,499152473259.00,1260272245943.00,2217808067997.00,67529975600.00,296420648444.00,2715828015565.00,,400937400515.00,1957871756822.00,911164294533.00,405368125624.00,79908585906.00,2133213102262.00,831255708627.00,0.321400,914140453757.00,453705201167.00,289174461853.00,291035383902.00,169603926893.00,1.0,1.0,3360,41
TLG,2023,0.112300,0.000000,0.757000,0.222000,78594453.0,4008000000000.00,272280585500.00,4147.000000,3461873216196.00,2808448178821.00,-740549101955.00,-346843180321.00,25607366115.00,640868796034.00,443970007801.00,1077118635212.00,1874003736310.00,70386644948.00,343221110694.00,2578202493965.00,,356174272581.00,2093980082652.00,714468096169.00,243232641902.00,54930819159.00,2074455057354.00,659537277010.00,-0.015100,831699883043.00,549978973266.00,249103780494.00,190932700991.00,106967786946.00,1.0,1.0,3075,42
TLG,2024,0.583300,0.000000,0.708000,0.215000,86453575.0,5697000000000.00,157200071500.00,4806.000000,3758585336781.00,3359561363489.00,-769661526258.00,-357185352088.00,23415211354.00,715251502550.00,580025969561.00,1035956163593.00,2036381259790.00,71583668887.00,423524009498.00,2566336641032.00,,460197857479.00,2347227883171.00,1012333480318.00,700074273053.00,26666450000.00,2670706305975.00,985667030318.00,0.079000,784896481994.00,504876115604.00,359120918858.00,36060420024.00,83202845262.00,1.0,1.0,2977,43
VCS,2020,0.041100,0.000000,0.816320,0.030000,155200000.0,13533440000000.00,627149566575.00,8251.000000,5659594518666.00,6055334343933.00,-160513261846.00,-71482375291.00,7157540892.00,438669529361.00,1679027973300.00,3370839298655.00,3796981457536.00,16827197992.00,289605746499.00,3898707715841.00,,1428419763711.00,3857821070789.00,2197513273144.00,790349857796.00,199592650918.00,4900512297699.00,1997920622226.00,0.019000,2014961208129.00,765006248946.00,1260453205002.00,82752553988.00,88395274034.00,1.0,1.0,902,18
VCS,2021,0.041100,0.000000,0.850450,0.036510,160000000.0,18720000000000.00,642014742700.00,9890.000000,7070128978997.00,6892913568363.00,-272145112014.00,-47348871942.00,5438266221.00,548536316993.00,2115605263329.00,4363117389624.00,4582728058984.00,30552469465.00,385620921198.00,5015488653943.00,,1772059864055.00,4874197016708.00,2018716551655.00,1045421628805.00,146297297862.00,5829100412476.00,1872419253793.00,0.252600,1990065772716.00,872544041606.00,1094609315672.00,86632898201.00,41195138027.00,1.0,1.0,980,19
VCS,2022,0.041100,0.000000,0.841540,0.030490,160000000.0,9280000000000.00,959037237800.00,6425.000000,5660265444192.00,6589904840964.00,-254616726453.00,-66807125334.00,3142471538.00,508999016801.00,1382212108337.00,3702013086055.00,4514661875187.00,48956930856.00,340450846974.00,4315356195164.00,,1148702304551.00,4868737646257.00,1721167194707.00,1101676090814.00,93098280458.00,5541110081466.00,1628068914249.00,-0.201000,2577658997132.00,830084899712.00,1191806516976.00,20888367506.00,60932414789.00,1.0,1.0,957,20
VCS,2023,0.041100,0.000000,0.841540,0.027420,160000000.0,8800000000000.00,640589431575.00,5041.000000,4353861143572.00,6468248784341.00,-156494238157.00,-58714711756.00,2004438032.00,315283453400.00,1006891945310.00,2849447931599.00,3065566428657.00,25124948522.00,153683725097.00,3264222240221.00,,846380429683.00,4985818408271.00,1482430376070.00,1403055900429.00,41712388654.00,5515837061167.00,1440717987416.00,-0.231800,2644021541821.00,742579449715.00,1329441954611.00,52980070523.00,31368122595.00,1.0,1.0,842,21
VCS,2024,0.041028,0.000000,0.841544,0.017444,160000000.0,10160000000000.00,639827276600.00,4824.000000,4322071392821.00,6466972011383.00,-191654021101.00,-65915265249.00,2810850760.00,335879042347.00,960647840563.00,2885522038008.00,2316408745483.00,48500707213.00,178478233484.00,3338508038140.00,,807122189551.00,5109622143830.00,1357349867553.00,1583190798036.00,30708058954.00,5473448538482.00,1326641808599.00,-0.004100,1816451063141.00,666987494455.00,1716575930736.00,744640797490.00,159990678055.00,1.0,1.0,827,22
